scenario_id,kind,split,targets,n_target,n_ef,has_ef,plateau_w,label,kept_kw,cap_kw,cap_kw_margin
S001,triple,train,A;B;C,3,0,0,195000,0.5,97.5,101.588,96.588
S002,pair,train,K;L,2,0,0,203000,0.55,111.65,109.689,104.689
S003,single,train,A,1,0,0,196000,0.65,127.4,129.065,124.065
S004,single,train,C,1,0,0,203000,0.65,131.95,129.065,124.065
S005,single,train,K,1,0,0,196000,0.65,127.4,129.065,124.065
S006,single,train,H,1,0,0,177000,0.75,132.75,129.065,124.065
S007,pair,train,C;D,2,0,0,185000,0.6,111.0,109.689,104.689
S008,single,train,D,1,0,0,199000,0.65,129.35,129.065,124.065
S009,pair,train,D;E,2,1,1,183000,0.45,82.35,83.782,78.782
S010,single,train,E,1,1,1,187000,0.55,102.85,103.936,98.936
S011,pair,train,B;C,2,0,0,172000,0.65,111.8,109.689,104.689
S012,triple,test,C;D;E,3,1,1,181000,0.45,81.45,76.23,72.74
S013,triple,test,D;E;F,3,2,1,192000,0.4,76.8,76.23,73.19
S014,triple,test,E;F;G,3,2,1,208000,0.35,72.8,76.23,71.96
S015,single,train,B,1,0,0,170000,0.75,127.5,129.065,124.065
S016,triple,train,B;C;D,3,0,0,180000,0.55,99.0,101.588,96.588
S017,pair,train,E;F,2,2,1,209000,0.4,83.6,83.782,78.782
S018,single,train,E,1,1,1,175000,0.6,105.0,103.936,98.936
S019,pair,test,C;D,2,0,0,194000,0.55,106.7,109.689,108.92
S020,pair,test,A;B,2,0,0,206000,0.55,113.3,109.689,106.57
S021,pair,train,A;B,2,0,0,202000,0.55,111.1,109.689,104.689
S022,pair,train,H;K,2,0,0,189000,0.55,103.95,109.689,104.689
S023,triple,train,F;G;H,3,1,1,185000,0.4,74.0,76.23,71.23
S024,triple,test,L;A;B,3,0,0,178000,0.6,106.8,101.588,99.27
S025,single,train,K,1,0,0,200000,0.65,130.0,129.065,124.065
S026,pair,train,F;G,2,1,1,172000,0.5,86.0,83.782,78.782
S027,pair,train,L;A,2,0,0,190000,0.6,114.0,109.689,104.689
S028,single,train,L,1,0,0,181000,0.7,126.7,129.065,124.065
S029,single,train,H,1,0,0,198000,0.65,128.7,129.065,124.065
S030,single,train,B,1,0,0,207000,0.6,124.2,129.065,124.065
S031,single,train,F,1,1,1,177000,0.6,106.2,103.936,98.936
S032,triple,test,K;L;A,3,0,0,187000,0.55,102.85,101.588,97.9
S033,single,train,G,1,0,0,174000,0.75,130.5,129.065,124.065
S034,single,test,C,1,0,0,205000,0.65,133.25,129.065,126.95
S035,pair,test,G;H,2,0,0,191000,0.55,105.05,109.689,107.78
S036,mild,test,G;H,2,0,0,97000,1.0,97.0,109.689,104.689
S037,mild,train,A;B,2,0,0,78000,,,109.689,104.689
S038,mild,train,E;F,2,2,1,85000,1.0,85.0,83.782,78.782
S039,mild,train,E,1,1,1,72000,1.0,72.0,103.936,98.936
S040,mild,train,C,1,0,0,61000,,,129.065,124.065
S041,repeat,train,C,1,0,0,200000,0.65,130.0,129.065,124.065
S042,repeat,train,C,1,0,0,200000,0.65,130.0,129.065,124.065
S043,repeat,train,C,1,0,0,200000,0.65,130.0,129.065,124.065
S044,repeat,train,C,1,0,0,200000,0.65,130.0,129.065,124.065
S045,repeat,train,G;H;K,3,0,0,190000,0.55,104.5,101.588,96.588
S046,repeat,train,G;H;K,3,0,0,190000,0.55,104.5,101.588,96.588
S047,repeat,train,G;H;K,3,0,0,190000,0.55,104.5,101.588,96.588
S048,repeat,train,F,1,1,1,200000,0.5,100.0,103.936,98.936
S049,repeat,train,F,1,1,1,200000,0.5,100.0,103.936,98.936
S050,repeat,train,F,1,1,1,200000,0.5,100.0,103.936,98.936
X01,single,train,E,1,1,1,193000,,,103.936,98.936
X02,single,train,C,1,0,0,200000,,,129.065,124.065
X03,single,train,A,1,0,0,192000,,,129.065,124.065
X04,single,train,F,1,1,1,198000,,,103.936,98.936
X05,pair,train,E;F,2,2,1,216000,,,83.782,78.782
X06,pair,train,C;D,2,0,0,209000,,,109.689,104.689
X07,pair,train,K;L,2,0,0,212000,,,109.689,104.689
X08,triple,train,F;G;H,3,1,1,204000,,,76.23,71.23
X09,triple,train,H;K;L,3,0,0,218000,,,101.588,96.588
X10,triple,train,E;F;G,3,2,1,206000,,,76.23,71.23
T001,borderline,train,C,1,0,0,144000,0.9,129.6,129.065,124.065
T002,single,train,C,1,0,0,181000,0.7,126.7,129.065,124.065
T003,triple,train,B;C;D,3,0,0,178000,0.55,97.9,101.588,96.588
T004,pair,train,D;E,2,1,1,211000,0.4,84.4,83.782,78.782
T005,borderline,train,D;E;F,3,2,1,163000,0.5,81.5,76.23,71.23
T006,pair,train,F;G,2,1,1,217000,0.4,86.8,83.782,78.782
T007,borderline,train,A;B,2,0,0,168000,0.65,109.2,109.689,104.689
T008,triple,train,K;L;A,3,0,0,203000,0.5,101.5,101.588,96.588
T009,triple,train,G;H;K,3,0,0,193000,0.55,106.15,101.588,96.588
T010,single,train,L,1,0,0,191000,0.7,133.7,129.065,124.065
T011,single,train,A,1,0,0,208000,0.6,124.8,129.065,124.065
T012,single,train,D,1,0,0,190000,0.7,133.0,129.065,124.065
T013,borderline,train,H;K,2,0,0,134000,0.8,107.2,109.689,104.689
T014,single,train,D,1,0,0,200000,0.65,130.0,129.065,124.065
T015,triple,train,F;G;H,3,1,1,194000,0.4,77.6,76.23,71.23
T016,triple,train,D;E;F,3,2,1,213000,0.35,74.55,76.23,71.23
T017,pair,train,D;E,2,1,1,176000,0.5,88.0,83.782,78.782
T018,triple,train,E;F;G,3,2,1,184000,0.4,73.6,76.23,71.23
T019,pair,train,E;F,2,2,1,215000,0.4,86.0,83.782,78.782
T020,single,train,G,1,0,0,207000,0.6,124.2,129.065,124.065
T021,borderline,train,F,1,1,1,150000,0.7,105.0,103.936,98.936
T022,borderline,train,H,1,0,0,141000,0.9,126.9,129.065,124.065
T023,single,train,E,1,1,1,179000,0.6,107.4,103.936,98.936
T024,single,train,E,1,1,1,216000,0.5,108.0,103.936,98.936
T025,borderline,train,A,1,0,0,133000,0.95,126.35,129.065,124.065
T026,single,train,F,1,1,1,187000,0.55,102.85,103.936,98.936
T027,triple,train,C;D;E,3,1,1,209000,0.35,73.15,76.23,71.23
T028,pair,train,L;A,2,0,0,206000,0.55,113.3,109.689,104.689
T029,pair,train,F;G,2,1,1,197000,0.45,88.65,83.782,78.782
T030,mild,train,A;B,2,0,0,61000,,,109.689,104.689
T031,triple,train,A;B;C,3,0,0,196000,0.5,98.0,101.588,96.588
T032,pair,train,H;K,2,0,0,188000,0.6,112.8,109.689,104.689
T033,triple,train,E;F;G,3,2,1,184000,0.4,73.6,76.23,71.23
T034,mild,train,D;E,2,1,1,103000,0.7,72.1,83.782,78.782
T035,pair,train,B;C,2,0,0,212000,0.5,106.0,109.689,104.689
T036,pair,train,A;B,2,0,0,190000,0.55,104.5,109.689,104.689
T037,pair,train,G;H,2,0,0,195000,0.55,107.25,109.689,104.689
T038,mild,train,C,1,0,0,85000,1.0,85.0,129.065,124.065
T039,pair,train,K;L,2,0,0,180000,0.6,108.0,109.689,104.689
T040,pair,train,K;L,2,0,0,205000,0.55,112.75,109.689,104.689
T041,mild,train,L;A,2,0,0,72000,1.0,72.0,109.689,104.689
T042,triple,train,L;A;B,3,0,0,198000,0.5,99.0,101.588,96.588
T043,borderline,train,K;L;A,3,0,0,129000,0.8,103.2,101.588,96.588
T044,triple,train,D;E;F,3,2,1,192000,0.4,76.8,76.23,71.23
T045,single,train,H,1,0,0,182000,0.7,127.4,129.065,124.065
T046,triple,train,H;K;L,3,0,0,187000,0.55,102.85,101.588,96.588
T047,single,train,K,1,0,0,201000,0.65,130.65,129.065,124.065
T048,triple,train,C;D;E,3,1,1,218000,0.35,76.3,76.23,71.23
T049,pair,train,E;F,2,2,1,178000,0.45,80.1,83.782,78.782
T050,single,train,F,1,1,1,212000,0.5,106.0,103.936,98.936
T051,single,train,G,1,0,0,176000,0.75,132.0,129.065,124.065
T052,single,train,B,1,0,0,199000,0.65,129.35,129.065,124.065
T053,borderline,train,H;K;L,3,0,0,157000,0.65,102.05,101.588,96.588
T054,pair,train,F;G,2,1,1,209000,0.4,83.6,83.782,78.782
T055,mild,train,K,1,0,0,77000,1.0,77.0,129.065,124.065
T056,pair,train,C;D,2,0,0,202000,0.55,111.1,109.689,104.689
T057,triple,train,F;G;H,3,1,1,203000,0.4,81.2,76.23,71.23
T058,borderline,train,C;D,2,0,0,154000,0.7,107.8,109.689,104.689
T059,mild,train,B;C,2,0,0,100000,1.0,100.0,109.689,104.689
T060,pair,train,C;D,2,0,0,185000,0.6,111.0,109.689,104.689
Y01,single,train,G,1,0,0,198000,,,129.065,124.065
Y02,single,train,K,1,0,0,214000,,,129.065,124.065
Y03,pair,train,D;E,2,1,1,219000,,,83.782,78.782
Y04,pair,train,H;K,2,0,0,205000,,,109.689,104.689
Y05,triple,train,L;A;B,3,0,0,210000,,,101.588,96.588
Y06,triple,train,G;H;K,3,0,0,203000,,,101.588,96.588
